PatronID,FirstName,LastName,Birthdate,PhoneNumber,Email,LibraryID
1,Christophorus,Huckerbe,5/21/1962,5404271436,chuckerbe0@geocities.jp,4
2,Carleen,Gedney,7/16/1954,2119217337,cgedney1@gravatar.com,3
3,Khalil,Pywell,3/12/1945,5275647618,kpywell2@skype.com,2
4,Nikolia,Escoffier,2/22/1949,5129338327,nescoffier3@patch.com,2
5,Katerine,Mableson,8/23/1962,6634643496,kmableson4@deviantart.com,1
6,Lira,MacCumeskey,11/16/1960,1764490583,lmaccumeskey5@rediff.com,5
7,Blithe,Stiffell,3/22/1937,7987237403,bstiffell6@nasa.gov,3
8,Amity,Erricker,3/22/1995,2255736548,aerricker7@livejournal.com,4
9,Aarika,Haugg,5/24/1941,7802492655,ahaugg8@toplist.cz,5
10,Amandi,Ruzek,9/20/1974,4818481467,aruzek9@bandcamp.com,1
11,Blinnie,Newman,9/23/1971,4277608613,bnewmana@springer.com,1
12,Bay,Hawksworth,10/20/1963,4307174592,bhawksworthb@ezinearticles.com,5
13,Hort,Gheorghie,7/11/1950,8832934000,hgheorghiec@wordpress.org,3
14,Justine,Cottu,12/28/1962,7872027257,jcottud@yellowpages.com,2
15,Sonnie,Tumini,12/1/1986,1122366047,stuminie@dedecms.com,2
16,Ellis,Whieldon,3/6/1985,5484025996,ewhieldonf@ebay.com,2
17,Ken,Heddon,7/12/1946,1252180112,kheddong@census.gov,5
18,Rodolph,Toxell,7/16/1931,6435330571,rtoxellh@mozilla.com,5
19,Fergus,Cheek,5/26/1997,7134298453,fcheeki@google.com.au,1
20,Larry,Freegard,12/18/1987,4036220856,lfreegardj@princeton.edu,2
21,Hedwiga,Pruce,12/15/1958,4786810693,hprucek@newsvine.com,2
22,Marcelia,Rodie,3/14/1949,7352484277,mrodiel@issuu.com,5
23,Demetrius,Satterlee,5/4/1936,4824952220,dsatterleem@thetimes.co.uk,1
24,Annabella,Hardes,3/7/1973,8165735049,ahardesn@skyrock.com,4
25,Brendis,Liversidge,7/12/1943,3649742003,bliversidgeo@elpais.com,2
26,Hulda,Castilla,7/16/1996,3539826250,hcastillap@opera.com,4
27,Sheelagh,Civitillo,5/11/1955,7765228314,scivitilloq@mit.edu,5
28,Gates,Stitcher,5/31/1937,2771390655,gstitcherr@g.co,5
29,Rhianon,Rizzardini,2/3/1945,1058744703,rrizzardinis@drupal.org,4
30,Carlene,Monroe,10/14/1997,6822543962,cmonroet@devhub.com,2
31,Isis,Burchess,11/22/1957,2684627824,iburchessu@netscape.com,1
32,Maxie,Laurentino,1/1/1954,4763792199,mlaurentinov@quantcast.com,5
33,Clemens,Tryme,11/11/1933,4484908263,ctrymew@fema.gov,5
34,Lani,Heigl,1/29/1942,9662870143,lheiglx@artisteer.com,4
35,Patrizia,Volcker,3/15/2000,8256438504,pvolckery@qq.com,3
36,Stirling,Stuckow,10/11/1994,4166633821,sstuckowz@cornell.edu,4
37,Farrell,Crampsey,4/11/1975,4897477314,fcrampsey10@ox.ac.uk,1
38,Constantin,Hulburd,12/15/1994,1548680245,chulburd11@fotki.com,5
39,Carine,Klamp,2/10/1974,8335446570,cklamp12@miibeian.gov.cn,3
40,Jackqueline,Syphas,3/4/1961,4819775252,jsyphas13@lycos.com,5
41,Daffi,Vorley,9/6/2007,2939665890,dvorley14@kickstarter.com,1
42,Gnni,Ryce,4/16/1957,8532036815,gryce15@bigcartel.com,3
43,Pierre,Tarbath,8/16/1985,5191744801,ptarbath16@constantcontact.com,1
44,Port,Dallywater,10/3/1969,2351733428,pdallywater17@ucoz.com,3
45,Riki,Tuckley,1/5/1988,1072082605,rtuckley18@51.la,2
46,Hadria,Portinari,12/26/1982,6959635609,hportinari19@mysql.com,4
47,Eden,La Rosa,4/16/1989,8264955220,elarosa1a@sphinn.com,2
48,Lisette,Banishevitz,7/25/1957,1903144628,lbanishevitz1b@mediafire.com,3
49,Demeter,Rubega,7/2/1965,5282432407,drubega1c@lulu.com,2
50,Allissa,Blackshaw,8/6/1954,1902288450,ablackshaw1d@hc360.com,3
51,Winne,Karys,10/27/1973,8642663864,wkarys1e@miibeian.gov.cn,4
52,Jacki,Gravener,1/18/1978,8122074609,jgravener1f@ca.gov,2
53,Kerianne,Eicheler,6/20/1968,7988296444,keicheler1g@xrea.com,1
54,Jocko,Moughton,10/12/1962,4581166534,jmoughton1h@ow.ly,4
55,Consolata,Cartmell,12/23/1931,6097104472,ccartmell1i@instagram.com,1
56,Alvira,McKea,8/4/1944,7496217038,amckea1j@newyorker.com,3
57,Galven,Swatridge,12/7/1961,5572404399,gswatridge1k@fda.gov,3
58,Jordan,Phillipps,4/27/2010,5596261264,jphillipps1l@guardian.co.uk,3
59,Valentine,Reeman,9/2/2010,5936234160,vreeman1m@miibeian.gov.cn,2
60,Saudra,Satterfitt,3/19/1968,7192892158,ssatterfitt1n@fotki.com,1
61,Tanya,Antrag,10/14/1935,7489155005,tantrag1o@comsenz.com,1
62,Klarika,O'Hannen,2/26/1989,3054558567,kohannen1p@flavors.me,2
63,Lane,Verduin,7/18/1978,8335840011,lverduin1q@answers.com,1
64,Earlie,Cartlidge,9/5/1950,6031964859,ecartlidge1r@nhs.uk,3
65,Sadella,Whatman,11/19/1969,5086559839,swhatman1s@slate.com,5
66,Karee,Sidwick,12/21/2006,5726892116,ksidwick1t@ezinearticles.com,5
67,Sarah,Fawloe,10/16/1967,8488437929,sfawloe1u@sakura.ne.jp,1
68,Barbe,Garlicke,4/12/1942,4249633330,bgarlicke1v@cmu.edu,3
69,Kaela,Wilkowski,10/7/1978,9828144131,kwilkowski1w@purevolume.com,5
70,Husain,Scorthorne,11/26/1945,7916482586,hscorthorne1x@pcworld.com,5
71,Nerte,Breming,12/29/2008,1563896375,nbreming1y@gmpg.org,5
72,Gunner,Godley,9/18/1968,6507388039,ggodley1z@csmonitor.com,4
73,Lethia,Runnalls,11/13/1960,4752552348,lrunnalls20@salon.com,5
74,Joana,Zorn,11/9/1956,5611297482,jzorn21@bloglovin.com,3
75,Basil,Skelhorn,2/18/1965,9827429574,bskelhorn22@sonet.ne.jp,2
76,Farrand,Lillistone,4/1/1979,8006236307,flillistone23@lulu.com,3
77,Lothario,Sunter,11/18/1966,6412641244,lsunter24@aboutads.info,4
78,Phebe,Meaker,8/4/1988,9051868118,pmeaker25@apple.com,4
79,Nicolina,Rowbury,11/10/2004,4897629943,nrowbury26@un.org,5
80,Amandi,Scole,10/30/1983,9114987683,ascole27@sphinn.com,1
81,Rustin,Torrance,5/5/1930,9459139781,rtorrance28@usgs.gov,1
82,Gage,Ayscough,9/20/1935,3321873572,gayscough29@chicagotribune.com,1
83,Claudio,Marchment,3/12/1973,8924181041,cmarchment2a@gnu.org,1
84,Gibb,Spottiswoode,2/1/1943,9343054670,gspottiswoode2b@bloglines.com,1
85,Rayshell,Denington,11/11/1954,4721678221,rdenington2c@sohu.com,3
86,Rosella,Taylot,3/9/1980,6054895524,rtaylot2d@theguardian.com,5
87,Oriana,O'Towey,2/28/1965,8193216049,ootowey2e@ycombinator.com,5
88,Towney,Garden,11/4/1931,3972480829,tgarden2f@barnesandnoble.com,4
89,Heath,O'Concannon,7/13/1934,5135208574,hoconcannon2g@nasa.gov,3
90,Sergio,Anfosso,11/2/1975,7052017517,sanfosso2h@networksolutions.com,1
91,Miguelita,Testin,5/10/1932,1674297412,mtestin2i@accuweather.com,2
92,Bronson,Randal,10/21/1969,6764753524,brandal2j@webeden.co.uk,4
93,Felic,Sigfrid,8/7/1960,2251173667,fsigfrid2k@nbcnews.com,3
94,Thorstein,Beccera,12/1/1968,7575223387,tbeccera2l@hud.gov,3
95,Ryun,Dealtry,11/28/2003,6114322188,rdealtry2m@unc.edu,3
96,Cheslie,Jermin,9/14/1987,7334569916,cjermin2n@cocolognifty.com,5
97,Dalenna,Parkhouse,1/14/2002,8319843261,dparkhouse2o@erecht24.de,3
98,Ash,Horder,10/27/1941,2986862679,ahorder2p@dailymotion.com,5
99,Glynda,Lowery,10/17/1985,6155354777,glowery2q@sitemeter.com,2
100,Nelie,Frill,2/15/1962,2375191063,nfrill2r@microsoft.com,4
101,Kimball,M'Chirrie,9/22/1991,4509151618,kmchirrie2s@newyorker.com,3
102,Silas,Claydon,7/7/1966,7208764957,sclaydon2t@ftc.gov,1
103,Melba,Pendlebery,2/11/2009,1099030988,mpendlebery2u@nba.com,5
104,Agosto,Alvarado,12/10/1933,8161237587,aalvarado2v@ehow.com,3
105,Antonin,Hare,12/20/1945,1233715913,ahare2w@mail.ru,3
106,Letitia,Zahor,6/16/1986,1339434716,lzahor2x@vistaprint.com,4
107,Elsa,Ellyatt,7/31/1991,1605399493,eellyatt2y@patch.com,4
108,Tucker,Rubega,12/31/1978,6146851992,trubega2z@miibeian.gov.cn,4
109,Feodora,Urien,5/15/1960,8393180278,furien30@tonline.de,1
110,Keefe,Martine,4/4/1980,4113576621,kmartine31@biglobe.ne.jp,5
111,Julio,Maylott,5/4/1964,3528960716,jmaylott32@tmall.com,3
112,Devonne,Nial,10/1/1975,9642039758,dnial33@ox.ac.uk,2
113,Leland,Slite,11/3/1930,9978108154,lslite34@examiner.com,5
114,Rivalee,Pallister,7/15/1977,2555078321,rpallister35@studiopress.com,2
115,Matty,Greenhalf,12/21/1967,4801683426,mgreenhalf36@discuz.net,4
116,Oralee,Casford,11/17/1986,1254472275,ocasford37@microsoft.com,2
117,Allegra,Lannin,8/10/1969,9348546549,alannin38@cbsnews.com,1
118,Pace,De Roos,1/30/1963,3381122665,pderoos39@microsoft.com,1
119,Adina,Cholonin,11/1/1976,1191351071,acholonin3a@goo.gl,5
120,Amalie,Roaf,6/11/1989,6497925132,aroaf3b@washingtonpost.com,4
121,Thayne,Peak,7/2/1958,3922116929,tpeak3c@gnu.org,1
122,Skell,Crafts,6/20/1938,7504801394,scrafts3d@barnesandnoble.com,5
123,Spike,Bolan,1/12/1966,4037313736,sbolan3e@japanpost.jp,5
124,Bernelle,Askam,11/20/1978,3279885515,baskam3f@zimbio.com,4
125,Eden,Jekel,3/9/2010,5296611689,ejekel3g@istockphoto.com,3
126,Malynda,McLuckie,12/27/1950,1573696224,mmcluckie3h@smugmug.com,1
127,Jillane,Gillicuddy,11/9/1945,8623535492,jgillicuddy3i@drupal.org,2
128,Leigha,Arnolds,8/24/1964,9835578004,larnolds3j@chron.com,4
129,Stuart,Bamforth,12/6/1959,2451208082,sbamforth3k@tripadvisor.com,2
130,Niels,Zarb,12/1/1938,5809042484,nzarb3l@mapy.cz,1
131,Babara,Donnan,9/4/1964,9046271741,bdonnan3m@dion.ne.jp,2
132,Trevar,Nellen,8/11/1975,9928562634,tnellen3n@google.com.hk,5
133,Ambrosius,Crutcher,8/9/1932,1928790926,acrutcher3o@newyorker.com,3
134,Sofie,Gamil,10/7/1963,2887310782,sgamil3p@bizjournals.com,3
135,Jodie,Huckett,10/1/1961,1419302825,jhuckett3q@webnode.com,1
136,Brody,McFaul,6/23/1968,6961256674,bmcfaul3r@godaddy.com,4
137,Reinold,MacHostie,1/6/1995,1065242021,rmachostie3s@xing.com,3
138,Maynard,Westhofer,8/15/1986,4954677597,mwesthofer3t@acquirethisname.com,3
139,Jana,Redshaw,12/23/1954,7179301390,jredshaw3u@wisc.edu,4
140,Lorene,Jimmes,1/24/1969,6394665286,ljimmes3v@va.gov,5
141,Felipe,Reavey,7/14/1988,4338220346,freavey3w@reverbnation.com,3
142,Faun,Beller,5/16/1987,8033771103,fbeller3x@zimbio.com,5
143,Hynda,MacKall,12/28/1992,5041323689,hmackall3y@ocn.ne.jp,3
144,Ronnie,Spurdle,5/5/1935,2125720539,rspurdle3z@yolasite.com,2
145,Jo ann,Berdale,4/21/1942,3968086145,jberdale40@merriamwebster.com,5
146,Sondra,Gladdish,11/4/1956,8824331787,sgladdish41@nydailynews.com,1
147,Ave,Lichtfoth,8/2/1954,4421216250,alichtfoth42@cbc.ca,4
148,Bernardo,Douthwaite,3/29/1939,7477478070,bdouthwaite43@abc.net.au,2
149,Tomkin,Bartke,5/3/1991,3707185095,tbartke44@plala.or.jp,2
150,Alf,Ponnsett,12/16/1940,5349274155,aponnsett45@tripod.com,5
151,Mollie,Mallard,8/27/1940,5932578483,mmallard46@tinypic.com,5
152,Guglielmo,Snoxell,9/23/1948,1206392419,gsnoxell47@tinypic.com,3
153,Duane,Fritche,11/27/1971,2197890488,dfritche48@sfgate.com,1
154,Timmy,Camsey,10/24/1933,5819841694,tcamsey49@opera.com,3
155,Bernhard,Cotte,3/5/1953,9587024330,bcotte4a@who.int,2
156,Leeann,Bourdice,9/4/1974,5582922919,lbourdice4b@unc.edu,3
157,Dee dee,Durram,10/31/1935,8101278518,ddurram4c@squarespace.com,5
158,Trstram,Cheesman,8/13/1954,4026544277,tcheesman4d@unc.edu,3
159,Mariska,Louthe,9/8/1993,3159368326,mlouthe4e@a8.net,1
160,Beret,Bendall,2/9/1930,2879221388,bbendall4f@globo.com,2
161,Cleopatra,Ridulfo,12/3/1948,5584680875,cridulfo4g@google.ca,3
162,Una,Grishakov,11/22/1941,9588753488,ugrishakov4h@youtube.com,1
163,Teddy,McSperrin,7/25/1981,5192520554,tmcsperrin4i@salon.com,5
164,Roman,Terbrug,9/30/1989,1784825194,rterbrug4j@time.com,4
165,Kennie,Loxley,2/17/1983,5353751542,kloxley4k@webs.com,3
166,Fonsie,Deaves,7/26/1961,9711576350,fdeaves4l@xing.com,1
167,Stevy,Orsman,11/10/1938,7381132641,sorsman4m@patch.com,1
168,Dulce,Burcher,4/6/1965,9437920359,dburcher4n@buzzfeed.com,3
169,Sal,Sicily,1/27/1981,2956964035,ssicily4o@wordpress.org,2
170,Jo,Whyborne,7/28/1950,3159806453,jwhyborne4p@csmonitor.com,1
171,Shelley,Belitz,5/31/1942,6833343021,sbelitz4q@zimbio.com,1
172,Fredia,Seymark,7/11/1981,6161773996,fseymark4r@paypal.com,1
173,Lonna,Land,8/25/1986,8817251200,lland4s@washington.edu,2
174,Isahella,Magovern,6/30/2007,3364991293,imagovern4t@home.pl,4
175,Keefer,Beglin,8/2/1948,6978137568,kbeglin4u@blog.com,3
176,Merrie,Gerson,3/4/1962,2008381116,mgerson4v@desdev.cn,1
177,Louise,Finlaison,10/7/2007,8118984904,lfinlaison4w@issuu.com,1
178,Codi,McTrustram,7/29/1979,2141418643,cmctrustram4x@admin.ch,5
179,Monique,Haddacks,4/22/1946,9955698795,mhaddacks4y@fema.gov,3
180,Nels,Fike,10/28/1986,7823206776,nfike4z@hp.com,4
181,Jacqui,Keijser,8/13/1981,3281405888,jkeijser50@comcast.net,4
182,Portia,Minney,7/21/1946,4521185425,pminney51@foxnews.com,2
183,Carina,Matasov,4/22/1971,5428856129,cmatasov52@opera.com,2
184,Augustus,Moorcraft,8/8/1951,6259451694,amoorcraft53@nhs.uk,4
185,Corby,Sidsaff,12/1/1982,9211208092,csidsaff54@devhub.com,4
186,Adda,Gilliat,7/27/1986,9396729283,agilliat55@omniture.com,4
187,Yelena,MacNaughton,12/12/1973,6092693211,ymacnaughton56@histats.com,1
188,Jud,Walster,12/14/1942,3316808530,jwalster57@google.es,2
189,Joelly,Maiklem,9/18/1940,2894577170,jmaiklem58@flavors.me,3
190,Ainsley,Vella,5/18/1951,1155785849,avella59@youku.com,1
191,Onfre,Scotsbrook,3/15/1938,5793055803,oscotsbrook5a@cdc.gov,3
192,Thornton,Rozea,12/4/1961,7584371217,trozea5b@hatena.ne.jp,1
193,Laurie,Cudde,10/31/1934,7818310357,lcudde5c@ycombinator.com,5
194,Wren,Abbe,5/17/1997,7305207126,wabbe5d@plala.or.jp,2
195,Lenette,MacSorley,5/3/1951,2589537246,lmacsorley5e@time.com,1
196,Novelia,Vennings,4/4/2005,3572157530,nvennings5f@arizona.edu,3
197,Robinia,Sidwell,5/23/1949,2118757767,rsidwell5g@ca.gov,2
198,Goraud,Siveter,10/30/1981,3449842320,gsiveter5h@oracle.com,2
199,Gregoire,Bellwood,7/15/1953,3347077443,gbellwood5i@house.gov,2
200,Krisha,Sambells,4/29/1999,9915483808,ksambells5j@bizjournals.com,3
201,Mela,McBay,10/11/1968,1923703077,mmcbay5k@netlog.com,1
202,Sofia,Kirsch,11/28/1972,4989280556,skirsch5l@google.cn,2
203,Lothaire,Heatlie,7/24/1950,9948764025,lheatlie5m@tripadvisor.com,5
204,Otis,Rotlauf,12/11/1992,6646741097,orotlauf5n@wiley.com,2
205,Christine,Perritt,12/18/1942,2341409609,cperritt5o@eventbrite.com,1
206,Marietta,Curnnokk,7/8/2006,7154807291,mcurnnokk5p@google.co.jp,2
207,Justus,Hardington,2/9/1937,8853253037,jhardington5q@ucla.edu,1
208,Janey,Cinelli,12/11/1991,9973207392,jcinelli5r@auda.org.au,2
209,Walden,Gartland,12/24/1951,8874283032,wgartland5s@ted.com,5
210,Elisha,Dallman,7/15/1953,3868619163,edallman5t@rakuten.co.jp,2
211,Pyotr,Roome,2/9/1944,5685711100,proome5u@unesco.org,1
212,Albrecht,Lockton,5/3/1935,4883172130,alockton5v@china.com.cn,2
213,Tessie,Currom,7/31/1942,9616100118,tcurrom5w@dot.gov,3
214,Eryn,Ladyman,9/20/1965,4749090234,eladyman5x@hatena.ne.jp,5
215,Carolina,Haddock,10/29/1959,4709744633,chaddock5y@cnet.com,4
216,Sanderson,Widdicombe,3/2/1939,8952264973,swiddicombe5z@uol.com.br,2
217,Steffane,Scirman,9/3/1936,2484969565,sscirman60@istockphoto.com,3
218,Luca,Richold,8/17/1980,2676491712,lrichold61@ucoz.ru,3
219,Mireielle,Triggs,4/22/1993,7958915777,mtriggs62@phoca.cz,2
220,Marjie,Noirel,7/19/2002,5743098054,mnoirel63@guardian.co.uk,5
221,Artus,Brettor,9/23/2000,5956767440,abrettor64@techcrunch.com,4
222,Richie,Knowlden,7/25/1962,3942868038,rknowlden65@delicious.com,4
223,Lou,O' Molan,9/16/2001,7909976312,lomolan66@exblog.jp,5
224,Karly,Petts,7/30/1990,8861440323,kpetts67@amazon.de,4
225,Evelyn,Ellsom,10/16/1980,6138370076,eellsom68@hugedomains.com,4
226,Chlo,Consterdine,9/14/1992,8146121971,cconsterdine69@usa.gov,2
227,Dell,Gorrie,10/10/1981,6707718071,dgorrie6a@patch.com,2
228,Massimo,Renzo,10/3/1951,3862838603,mrenzo6b@seattletimes.com,5
229,Sanford,Benediktsson,5/12/1990,3661413558,sbenediktsson6c@issuu.com,3
230,Axel,Bealing,3/7/1947,1234369615,abealing6d@wiley.com,4
231,Olly,Kemitt,11/24/1991,4561522682,okemitt6e@earthlink.net,1
232,Dianne,Serrier,10/21/1945,3995106809,dserrier6f@creativecommons.org,1
233,Katey,Keeley,5/30/1958,8735878720,kkeeley6g@usgs.gov,2
234,Martynne,Chazelle,9/26/1990,5539538477,mchazelle6h@mapquest.com,5
235,Vonni,Roussell,2/9/1989,4153885516,vroussell6i@fotki.com,2
236,Gib,Haylor,9/27/1947,3644082522,ghaylor6j@last.fm,1
237,Alon,Greenlies,6/30/1930,6076586384,agreenlies6k@disqus.com,2
238,Niel,Goligher,11/11/1939,9028821305,ngoligher6l@gnu.org,5
239,Neron,Wyman,10/16/1985,9234917754,nwyman6m@google.com.br,3
240,Cullen,D'Adda,6/8/1961,7267895594,cdadda6n@prnewswire.com,1
241,Gay,Crosfield,11/6/1994,5063680473,gcrosfield6o@php.net,2
242,Lindsy,Swanton,11/9/2010,3079712814,lswanton6p@xrea.com,4
243,Genni,Blore,6/18/1944,4708300531,gblore6q@google.com,5
244,Linnell,Gee,3/17/1988,5186880542,lgee6r@google.com,5
245,Arabella,Gapper,6/12/1935,7355545546,agapper6s@mashable.com,3
246,Kennith,Duckering,4/3/1979,5652538472,kduckering6t@ning.com,1
247,Izaak,Baude,6/9/2002,5883331831,ibaude6u@gizmodo.com,2
248,Cash,Winckle,4/16/1935,3046259371,cwinckle6v@is.gd,2
249,Auroora,Gaywood,6/13/1989,9396573666,agaywood6w@irs.gov,4
250,Gusella,Kaspar,4/9/2006,2162950195,gkaspar6x@live.com,3
251,Caye,Croydon,8/3/1945,8311771976,ccroydon6y@uol.com.br,3
252,Karalynn,Balassa,6/6/1987,2806117785,kbalassa6z@youtu.be,5
253,Dara,Whitter,3/26/2002,1467489195,dwhitter70@wordpress.org,5
254,Margaret,Rosenblath,9/2/1977,8907019040,mrosenblath71@ehow.com,3
255,Isaiah,Van Der Hoog,11/15/1999,7402739518,ivanderhoog72@feedburner.com,4
256,Jonas,Cremen,12/8/1950,5504174029,jcremen73@ezinearticles.com,4
257,Nancy,Bolmann,8/26/1991,1955934757,nbolmann74@epa.gov,5
258,Chelsae,Rathe,12/15/1970,4727853825,crathe75@reddit.com,3
259,Blisse,Nelthorpe,1/3/1979,2967667771,bnelthorpe76@skyrock.com,3
260,Sasha,Benzing,12/26/1952,1217274727,sbenzing77@nature.com,2
261,Marcy,Roulston,9/19/1997,7375239826,mroulston78@bloglovin.com,2
262,Darryl,Furmedge,10/28/1977,4914933694,dfurmedge79@oaic.gov.au,1
263,Sky,Brissenden,12/7/1954,6074657730,sbrissenden7a@com.com,4
264,Jazmin,Everist,11/18/1968,5653293034,jeverist7b@blinklist.com,4
265,Hope,Paskins,9/25/1972,2111284780,hpaskins7c@admin.ch,3
266,Ofilia,Gilberthorpe,6/2/2003,6092735365,ogilberthorpe7d@tinyurl.com,4
267,Maire,Gatchell,4/11/1953,7883407920,mgatchell7e@eventbrite.com,3
268,Sharl,Rubinowitch,8/13/1931,4024618258,srubinowitch7f@arstechnica.com,3
269,Harley,Martonfi,8/28/1991,6859747925,hmartonfi7g@liveinternet.ru,5
270,Celinda,Hartzenberg,9/22/1980,2901766219,chartzenberg7h@hc360.com,3
271,Giacinta,Flexman,6/18/1974,8509772060,gflexman7i@canalblog.com,2
272,Vivie,Odde,5/21/1967,9037851674,vodde7j@icq.com,5
273,Hillard,Goldstraw,10/1/1966,7249799869,hgoldstraw7k@paginegialle.it,4
274,Daniela,Colten,10/6/1930,4662611439,dcolten7l@dyndns.org,2
275,Ardyce,Zwicker,6/9/2006,2054398316,azwicker7m@ocn.ne.jp,1
276,Calhoun,Cockshtt,1/6/1947,8886336190,ccockshtt7n@trellian.com,2
277,Bert,Toffanelli,6/30/1981,7685930621,btoffanelli7o@pinterest.com,3
278,Zacherie,Willsmore,9/14/1994,5681226507,zwillsmore7p@github.com,1
279,Nancie,Ipsley,4/6/2008,9051854111,nipsley7q@newyorker.com,4
280,Bat,Osmond,9/30/2006,3704094942,bosmond7r@posterous.com,1
281,Gerome,Cohane,1/13/1986,9035253097,gcohane7s@scientificamerican.com,5
282,Antonetta,Papis,4/24/1963,7218322020,apapis7t@cafepress.com,3
283,Jaquelyn,Brogioni,5/8/2001,1047631154,jbrogioni7u@omniture.com,4
284,Vivianna,Panks,8/7/1988,8143191033,vpanks7v@hibu.com,2
285,Gale,Shall,1/17/1983,6807058121,gshall7w@whitehouse.gov,5
286,Donnamarie,Dallin,5/15/1946,2305664969,ddallin7x@ucoz.com,3
287,Rolando,Cowoppe,4/20/1973,1077660902,rcowoppe7y@desdev.cn,3
288,Luigi,Goodsir,2/14/1948,8153075095,lgoodsir7z@nps.gov,2
289,Deva,Simmig,11/3/1990,1468464857,dsimmig80@amazon.co.jp,5
290,Kinnie,Mitchelmore,12/14/1950,3573054787,kmitchelmore81@zdnet.com,2
291,Rawley,Bergstrand,12/1/1938,8386624184,rbergstrand82@samsung.com,1
292,Launce,McClifferty,6/18/1981,2086460254,lmcclifferty83@ustream.tv,2
293,Mandel,Whinray,12/24/2002,9997388009,mwhinray84@umn.edu,5
294,Thebault,Wiltshire,9/16/2004,3092838819,twiltshire85@smh.com.au,1
295,Cordy,Pithcock,2/17/2007,3418691784,cpithcock86@pbs.org,3
296,Devon,Curl,6/25/2010,4822549536,dcurl87@myspace.com,3
297,Hobie,Mager,11/16/1961,3833385179,hmager88@huffingtonpost.com,4
298,Dav,O'Heffernan,8/27/1957,4497553550,doheffernan89@oaic.gov.au,4
299,Viva,Scoon,9/28/2003,4833295243,vscoon8a@macromedia.com,1
300,Hank,Ferreras,12/4/2008,5354093131,hferreras8b@wikia.com,2
301,Puff,Melby,3/7/1969,8708353108,pmelby8c@sbwire.com,1
302,Fey,Petch,3/4/2005,2984009519,fpetch8d@umn.edu,2
303,Kelsey,Bibbie,8/2/1954,2585175468,kbibbie8e@deviantart.com,3
304,Babbie,Kennewell,8/24/1958,8173093315,bkennewell8f@hhs.gov,2
305,Cirillo,Giacovetti,5/24/1934,7079580661,cgiacovetti8g@smh.com.au,3
306,Marcela,Stepto,5/26/1995,4272627138,mstepto8h@amazon.com,5
307,Bell,Foxley,11/29/1999,6068376656,bfoxley8i@wikimedia.org,3
308,Laurette,Tender,10/20/1964,6516564774,ltender8j@aol.com,1
309,Dawn,Salling,10/27/1987,1997448308,dsalling8k@yellowpages.com,4
310,Engracia,Rupert,12/21/1977,3211043236,erupert8l@weibo.com,5
311,Abie,Quarlis,1/17/1992,9741653482,aquarlis8m@gravatar.com,3
312,Danyette,Robey,1/31/1978,8161632366,drobey8n@google.cn,5
313,Yorke,Brunon,9/11/1974,6675148270,ybrunon8o@netscape.com,3
314,Karalee,Sturridge,7/26/1937,8825725857,ksturridge8p@devhub.com,4
315,Shauna,Kernar,7/3/1942,9415336270,skernar8q@hc360.com,4
316,Agatha,Mathan,6/25/2003,8861891502,amathan8r@nationalgeographic.com,3
317,Francesca,Fairbairn,6/25/1940,5407069384,ffairbairn8s@japanpost.jp,1
318,Julieta,Blaver,6/15/2005,1536254341,jblaver8t@sun.com,2
319,Pepita,Leppard,4/20/2010,2736088835,pleppard8u@artisteer.com,4
320,Mar,Langthorn,3/13/1973,4845595536,mlangthorn8v@xinhuanet.com,5
321,Pegeen,Fells,10/4/1997,1876296731,pfells8w@java.com,4
322,Talbert,Moscon,8/24/1935,7808398172,tmoscon8x@godaddy.com,3
323,Carlyn,Shercliff,11/8/1976,3525940311,cshercliff8y@fotki.com,2
324,Addie,Bownas,1/29/1995,2189196113,abownas8z@networkadvertising.org,2
325,Hyacintha,Haestier,12/11/1994,4098971598,hhaestier90@zimbio.com,5
326,Karlyn,Ciciotti,6/5/1955,9323949335,kciciotti91@exblog.jp,2
327,Reilly,Gyngyll,7/25/1951,7697506007,rgyngyll92@free.fr,1
328,Lyman,Torricina,6/18/2007,2002782086,ltorricina93@hp.com,3
329,Candi,Narducci,1/29/1970,6244537479,cnarducci94@dot.gov,5
330,Joe,Draisey,4/7/1975,2518160991,jdraisey95@adobe.com,4
331,Martica,Spanswick,1/12/1975,7034834416,mspanswick96@stanford.edu,2
332,Alena,Crayker,12/19/2002,8966060524,acrayker97@biblegateway.com,3
333,Perkin,Queyos,7/18/1973,5414075130,pqueyos98@drupal.org,3
334,Rudyard,Danilovitch,5/18/1994,5388804664,rdanilovitch99@de.vu,5
335,Aube,Angier,12/2/2007,8194617518,aangier9a@odnoklassniki.ru,2
336,Gabriellia,Forson,12/6/1962,2535558870,gforson9b@biglobe.ne.jp,3
337,Robin,Sendley,3/18/1951,6014762149,rsendley9c@jiathis.com,1
338,Mair,Luney,9/29/1939,8408653336,mluney9d@simplemachines.org,4
339,Sandra,Rikkard,5/20/1993,6246874985,srikkard9e@g.co,5
340,Marietta,Barthrop,5/13/1935,3101826297,mbarthrop9f@ning.com,2
341,Penni,Glancey,10/28/1949,3428955020,pglancey9g@google.es,1
342,Nettle,Kohrding,11/13/1930,9028871304,nkohrding9h@bravesites.com,1
343,Lindsey,Vorley,6/4/1972,1474875808,lvorley9i@freewebs.com,2
344,Donielle,Roussell,7/9/1965,2692182454,droussell9j@google.pl,1
345,Lynde,Allbones,7/3/1964,6829519307,lallbones9k@shutterfly.com,2
346,Katrine,Coldrick,7/12/1940,3656560703,kcoldrick9l@woothemes.com,5
347,Bryana,Filewood,3/11/1977,8113743840,bfilewood9m@guardian.co.uk,5
348,Rahel,Salthouse,8/8/1983,1095134091,rsalthouse9n@time.com,4
349,Feodora,Sibthorp,1/27/1954,9028006419,fsibthorp9o@reference.com,3
350,Gertie,Savary,6/6/1967,2461744030,gsavary9p@reuters.com,5
351,Toni,Corns,8/18/2010,2255549492,tcorns9q@oakley.com,5
352,Mauricio,Vasyukhin,4/17/1949,8858533745,mvasyukhin9r@youtu.be,5
353,Duncan,Espinola,7/13/1952,6283247162,despinola9s@geocities.jp,3
354,Reinwald,Kneaphsey,10/18/1991,2633393389,rkneaphsey9t@odnoklassniki.ru,3
355,Sharl,Haine,6/13/1967,7057665351,shaine9u@tinyurl.com,1
356,Kikelia,Mattschas,1/10/1930,7125340450,kmattschas9v@xing.com,3
357,Keefe,Wonter,11/1/2000,6948880044,kwonter9w@psu.edu,1
358,Isabelle,Sheal,1/4/1931,1159951849,isheal9x@yahoo.co.jp,2
359,Theodor,Ruddiforth,3/2/1943,3815400528,truddiforth9y@dropbox.com,1
360,Marcello,Codeman,4/3/1996,1085667896,mcodeman9z@google.cn,3
361,Gui,O'Collopy,6/5/1936,6843435203,gocollopya0@technorati.com,2
362,Priscella,Fulger,9/7/1961,8374630128,pfulgera1@erecht24.de,2
363,Angelica,McMillan,5/14/1976,1281901684,amcmillana2@wikipedia.org,2
364,Ashly,Doxey,8/16/1956,7215066009,adoxeya3@epa.gov,2
365,Frankie,Tebbe,3/10/1956,3731442330,ftebbea4@cisco.com,2
366,Rodger,Guidone,8/9/1952,5133170848,rguidonea5@chronoengine.com,5
367,Pammie,Dignall,1/5/1948,2838130067,pdignalla6@sciencedirect.com,1
368,Cassie,Cardenas,11/30/1939,2571329653,ccardenasa7@loc.gov,4
369,Isacco,Rawsthorne,7/24/1977,2781166672,irawsthornea8@gnu.org,2
370,Bessy,Staddart,12/27/2003,2637974899,bstaddarta9@alexa.com,5
371,Temp,Dovey,8/29/1968,6687078548,tdoveyaa@behance.net,5
372,Mina,Grewcock,6/19/2008,6689439208,mgrewcockab@amazon.co.uk,5
373,Valaria,Lyburn,7/22/2009,8158679567,vlyburnac@plala.or.jp,1
374,Melly,Montford,1/24/1989,8994540326,mmontfordad@jugem.jp,1
375,Eduardo,Kitchingman,5/6/1998,7872141851,ekitchingmanae@cocolognifty.com,5
376,Car,Hollingdale,8/12/1966,5332920932,chollingdaleaf@multiply.com,3
377,Brenda,FosterSmith,1/6/2004,3821767653,bfostersmithag@topsy.com,5
378,Florentia,Gronav,7/20/1939,8397721988,fgronavah@blogger.com,3
379,Quinlan,Faragher,2/13/1971,1073864570,qfaragherai@surveymonkey.com,4
380,Devina,Gallyon,3/11/1959,8552981324,dgallyonaj@last.fm,5
381,Tania,Chazerand,1/9/1932,9316198269,tchazerandak@bigcartel.com,3
382,Ekaterina,Tivolier,1/8/2003,3848526406,etivolieral@t.co,2
383,Nicoline,Vallens,12/3/1985,9203798306,nvallensam@github.io,3
384,Berkie,Willgress,8/16/1991,1726681343,bwillgressan@ustream.tv,4
385,Neddie,Litster,10/22/1949,7193813813,nlitsterao@icio.us,4
386,Cristine,Helliar,10/16/1968,2138163936,chelliarap@hubpages.com,3
387,Roobbie,Plant,7/20/1977,3662498409,rplantaq@rambler.ru,4
388,Matthew,Lackmann,2/17/1969,3855901712,mlackmannar@webnode.com,5
389,Cory,Tchir,5/8/1994,1605223261,ctchiras@craigslist.org,4
390,Felicio,Wilshire,7/8/1976,9006017703,fwilshireat@360.cn,3
391,Lance,Fuentez,8/5/1954,1072442696,lfuentezau@baidu.com,3
392,Geoffry,Treversh,11/23/1943,8958662199,gtrevershav@artisteer.com,2
393,Claiborn,Killich,4/21/2001,1226207814,ckillichaw@time.com,5
394,Joly,Londsdale,3/28/1945,6121728671,jlondsdaleax@samsung.com,1
395,Gussy,Warrillow,7/16/1978,9442269987,gwarrilloway@ca.gov,5
396,Ag,Whewell,10/10/1934,7581550381,awhewellaz@scribd.com,4
397,Menard,Overal,10/7/1955,9677828982,moveralb0@4shared.com,1
398,Jacinda,Hunnywell,9/7/2005,8942671771,jhunnywellb1@tamu.edu,1
399,Stavros,Frotton,1/29/1996,4679857121,sfrottonb2@twitter.com,5
400,Brigham,Amort,10/2/1999,6118701733,bamortb3@icio.us,3
401,Dulcia,Ivkovic,9/2/1992,4402373011,divkovicb4@histats.com,4
402,Humfrey,Aguirrezabala,12/12/1949,4163012219,haguirrezabalab5@joomla.org,5
403,Farica,Riddiford,7/4/1948,9647292693,friddifordb6@bloglines.com,3
404,Henrietta,Newman,3/22/1986,2678247764,hnewmanb7@businessweek.com,4
405,Theodoric,Willmot,8/25/1950,8208572722,twillmotb8@listmanage.com,5
406,Lucina,Shallcrass,6/22/1972,1198294858,lshallcrassb9@gnu.org,1
407,Brandi,Ward,4/3/1970,8537914565,bwardba@google.ru,4
408,Kyle,Mossop,8/8/1952,9515593324,kmossopbb@tinypic.com,3
409,Taite,Knowlton,5/10/1973,3249713313,tknowltonbc@umich.edu,4
410,Nikolos,Cuniam,1/21/1977,4205171985,ncuniambd@issuu.com,2
411,Lettie,Dowbekin,11/7/1999,8012105024,ldowbekinbe@tripadvisor.com,2
412,Barthel,Linger,7/10/2003,8075567614,blingerbf@pagespersoorange.fr,4
413,Fredrick,Maliphant,3/11/1961,5224313397,fmaliphantbg@cam.ac.uk,2
414,Mona,McKimm,3/25/1987,5217187004,mmckimmbh@china.com.cn,2
415,Ibrahim,McCarroll,11/11/1989,1252342726,imccarrollbi@ftc.gov,4
416,Tucky,Augar,11/2/1938,2885546553,taugarbj@mozilla.com,1
417,Ilka,Tedridge,9/11/1942,1482877867,itedridgebk@springer.com,5
418,Roddy,Casone,8/4/1944,5661827016,rcasonebl@buzzfeed.com,2
419,Thomasina,Willavize,8/12/1989,1187857307,twillavizebm@slashdot.org,5
420,Kizzee,Peltz,4/11/1962,7806104522,kpeltzbn@is.gd,1
421,Sigismond,Gallymore,1/25/1979,9304271234,sgallymorebo@soundcloud.com,5
422,Randal,Besset,11/21/1949,3026484793,rbessetbp@uiuc.edu,5
423,Nonie,Basil,6/6/2002,8416427402,nbasilbq@seesaa.net,4
424,Flory,Surcomb,8/21/1972,9872603621,fsurcombbr@zimbio.com,2
425,Selle,Hearse,8/8/1961,6973389490,shearsebs@cdc.gov,2
426,Errol,Pendlenton,11/20/1938,9696572685,ependlentonbt@ow.ly,5
427,Cary,Neggrini,7/13/1983,8861985366,cneggrinibu@stumbleupon.com,2
428,Benedicta,Drinkeld,7/9/1997,5247096364,bdrinkeldbv@biblegateway.com,1
429,Isabelle,Yarnall,10/22/2000,4309320752,iyarnallbw@adobe.com,1
430,Hermina,Bingell,2/24/2009,7264948320,hbingellbx@shoppro.jp,2
431,Carilyn,Cochern,3/9/1941,2972802049,ccochernby@china.com.cn,4
432,Raymund,Giacobillo,8/4/1977,6217385268,rgiacobillobz@nationalgeographic.com,5
433,Brice,Kippins,2/25/1936,9376267455,bkippinsc0@bloglovin.com,5
434,Meghan,Presswell,3/26/1978,9693316518,mpresswellc1@usatoday.com,1
435,Nancey,Roblou,1/31/1987,7175273464,nroblouc2@java.com,1
436,Cris,Sedgemore,4/27/1959,3312467944,csedgemorec3@ca.gov,1
437,Genny,Tregale,5/6/1933,3902260969,gtregalec4@who.int,4
438,Kristo,Berka,4/29/1977,5247030812,kberkac5@prlog.org,2
439,Kate,Swaden,9/6/1977,9111632416,kswadenc6@paginegialle.it,3
440,Clio,Cleaveland,10/6/1999,2407653527,ccleavelandc7@acquirethisname.com,1
441,Shanta,O'Sculley,1/16/2004,5031437558,sosculleyc8@psu.edu,2
442,Melania,Vynoll,9/9/1935,6165327890,mvynollc9@time.com,3
443,Amity,Prugel,1/17/2007,8531247464,aprugelca@tonline.de,3
444,Barn,Pinnock,12/27/1981,9466172524,bpinnockcb@biblegateway.com,3
445,Reinaldo,Kerry,4/2/1978,4149216821,rkerrycc@yale.edu,1
446,Kain,Esom,10/30/1988,4325049619,kesomcd@bluehost.com,1
447,Donnajean,Stodd,7/1/1954,7814063980,dstoddce@newyorker.com,4
448,Hettie,Wabb,9/27/1939,2846749634,hwabbcf@mashable.com,4
449,Marlie,Luter,2/12/1947,6862691253,mlutercg@is.gd,1
450,Elladine,Haxbie,3/2/1989,4838212659,ehaxbiech@irs.gov,5
451,Brock,McGibbon,5/24/1983,3967395964,bmcgibbonci@listmanage.com,4
452,Kitty,Roscamp,2/1/1976,2612831426,kroscampcj@lulu.com,2
453,Ellwood,Patrono,12/20/1985,3995270445,epatronock@nih.gov,2
454,Bradford,Bart,11/22/1986,7674059649,bbartcl@surveymonkey.com,1
455,Niall,Room,8/27/1976,9919122550,nroomcm@fda.gov,1
456,Alec,Colgrave,5/9/1957,5226896085,acolgravecn@fastcompany.com,2
457,Tomasina,Poskitt,8/26/1977,3231092980,tposkittco@npr.org,3
458,Dagmar,Huban,10/18/1977,8081719311,dhubancp@mapquest.com,4
459,Illa,Lukasen,9/21/1952,7197409250,ilukasencq@wikipedia.org,4
460,Eugenio,Ahmed,10/24/1980,5563575276,eahmedcr@accuweather.com,5
461,Irma,Bates,11/5/1960,5758987578,ibatescs@miibeian.gov.cn,3
462,Coralie,Beau,1/20/1995,7675146894,cbeauct@lulu.com,1
463,Linda,Theseira,2/24/1983,6037305567,ltheseiracu@unesco.org,1
464,Melinde,Pantridge,8/23/2001,8086213368,mpantridgecv@ebay.com,1
465,Serge,Birkwood,4/20/2005,1157701701,sbirkwoodcw@goo.ne.jp,4
466,Mathias,Woolgar,1/27/2009,8029143040,mwoolgarcx@blogger.com,2
467,Krishnah,Wooster,12/2/1962,2026282726,kwoostercy@columbia.edu,1
468,Jobey,Droogan,8/25/1944,1024240785,jdroogancz@feedburner.com,5
469,Fidelio,Blabber,10/22/2008,7139308647,fblabberd0@ca.gov,2
470,Averell,Baudins,9/25/1958,2071723946,abaudinsd1@google.fr,1
471,Shaylynn,Imlacke,9/3/1968,2583533692,simlacked2@adobe.com,4
472,Gavin,Prigmore,10/6/1939,4892436308,gprigmored3@washington.edu,2
473,Faye,Paddingdon,3/15/1975,8287842453,fpaddingdond4@gov.uk,5
474,Sasha,Cokly,2/15/1971,7667002001,scoklyd5@boston.com,3
475,Gauthier,Cobelli,11/8/2009,8963912812,gcobellid6@usatoday.com,5
476,Alfreda,Rosell,5/7/1983,7065130168,aroselld7@forbes.com,4
477,Ofella,Pirt,11/12/1950,4934841908,opirtd8@intel.com,4
478,Sinclare,Aistrop,3/6/1971,3678878381,saistropd9@wiley.com,2
479,Jess,Toleman,7/17/1962,9008955282,jtolemanda@chron.com,1
480,Elroy,McKomb,12/21/2000,3933527917,emckombdb@blogspot.com,4
481,Von,Paolone,6/7/1968,8007615261,vpaolonedc@cdc.gov,4
482,Blair,Brisson,5/23/1997,2972787956,bbrissondd@angelfire.com,5
483,Madeleine,Jori,10/24/1975,2045542796,mjoride@overblog.com,3
484,Ardene,Cohan,5/16/1934,3998787205,acohandf@cocolognifty.com,3
485,Britteny,Vassel,5/2/1957,1339905964,bvasseldg@usda.gov,1
486,Reta,Branthwaite,7/29/1989,4055493736,rbranthwaitedh@usa.gov,2
487,Odetta,Wrightam,5/27/1934,1858301243,owrightamdi@answers.com,5
488,Chelsea,Hayley,9/17/1960,2651137405,chayleydj@redcross.org,3
489,Anthony,Capstick,2/2/1932,1166900203,acapstickdk@vk.com,5
490,Radcliffe,Glasspoole,5/29/1939,8087799925,rglasspooledl@illinois.edu,4
491,Lotte,Taft,5/22/1984,1366142370,ltaftdm@admin.ch,1
492,Glenda,Hentzer,6/3/1969,7891589299,ghentzerdn@chicagotribune.com,5
493,Eran,Jeacock,6/24/1989,1542365666,ejeacockdo@storify.com,1
494,Evelin,Vidler,11/26/1942,3018326946,evidlerdp@youku.com,4
495,Emmanuel,Hart,11/27/1957,5697520548,ehartdq@dailymail.co.uk,2
496,Alanna,Drain,10/12/1993,8988437735,adraindr@facebook.com,3
497,Blake,Piolli,10/6/1949,7423200098,bpiollids@wp.com,1
498,Nestor,Mc Gee,3/9/1983,9338984915,nmcgeedt@cam.ac.uk,4
499,Cathleen,Gendrich,6/11/1991,9903920514,cgendrichdu@nifty.com,2
500,Phillie,Pavic,8/17/1967,2682912297,ppavicdv@elegantthemes.com,5
501,Jerad,Durrett,10/1/1995,7191690447,jdurrettdw@scribd.com,5
502,Amanda,Clougher,10/9/1937,1497413284,aclougherdx@bloomberg.com,5
503,Hedda,Menat,2/5/1987,9702632038,hmenatdy@baidu.com,4
504,Janeen,Kuhle,10/25/1977,7037336822,jkuhledz@google.cn,2
505,Libbey,Isaksson,11/2/2004,3107045497,lisakssone0@tiny.cc,1
506,Ellynn,Strutt,1/6/1966,3131266543,estrutte1@wired.com,5
507,Gwenora,Oager,1/20/1957,7081666404,goagere2@xing.com,5
508,Alisha,Mullen,3/28/1964,2754789873,amullene3@jalbum.net,1
509,Darnell,Poxon,6/5/1951,6043628631,dpoxone4@dmoz.org,3
510,Reynold,Berthomier,3/13/1965,3022863002,rberthomiere5@pagespersoorange.fr,3
511,Beck,Christy,6/30/1930,8642862409,bchristye6@tuttocitta.it,3
512,Filippa,Yglesias,10/1/1932,5687404301,fyglesiase7@gravatar.com,3
513,Imelda,Muldoon,8/17/1950,8204376050,imuldoone8@webs.com,5
514,Bowie,Parade,1/4/1952,2055114196,bparadee9@vistaprint.com,4
515,Ebony,Schuck,8/30/2006,6354899147,eschuckea@cdbaby.com,1
516,Ferdinande,Limeburn,8/1/1965,4614658968,flimeburneb@networkadvertising.org,3
517,Frasquito,Haughian,12/18/1967,6369508922,fhaughianec@paginegialle.it,5
518,Kennith,Heritege,9/13/1992,1408136615,kheritegeed@loc.gov,3
519,Channa,Thompson,11/11/1945,6194948107,cthompsonee@geocities.jp,1
520,Bertram,Bathurst,11/2/2000,8937058963,bbathurstef@un.org,4
521,Nedda,Shadbolt,3/15/2010,3727474329,nshadbolteg@economist.com,2
522,Gretta,Jansa,6/15/2005,9981390732,gjansaeh@comcast.net,3
523,Tomaso,Shackelton,11/14/1952,2723049339,tshackeltonei@about.me,4
524,Padget,Benmore,4/22/1966,6078005256,pbenmoreej@diigo.com,5
525,Jaimie,Popeley,2/5/1965,2098462123,jpopeleyek@paginegialle.it,5
526,Webster,Aird,7/19/1981,3136603637,wairdel@google.ca,5
527,Roberta,Siccombe,8/13/1979,3278887945,rsiccombeem@techcrunch.com,2
528,Nat,Maudlen,7/31/1963,7698727281,nmaudlenen@wikispaces.com,5
529,Hertha,Hazeman,8/25/1941,7582077431,hhazemaneo@cafepress.com,5
530,Marlin,McGreil,12/8/1994,8468156971,mmcgreilep@networksolutions.com,2
531,Melissa,Amori,12/16/1937,3442959039,mamorieq@whitehouse.gov,4
532,Joyous,Hatrey,10/5/1995,8006329254,jhatreyer@archive.org,2
533,Vic,Burn,7/14/1945,5328490253,vburnes@apple.com,4
534,Minerva,Dunbar,11/17/1957,1127924538,mdunbaret@zimbio.com,3
535,Salomon,Beeze,11/30/1943,1043103310,sbeezeeu@skype.com,4
536,Jessika,Doley,1/10/1951,6168925735,jdoleyev@cnet.com,3
537,Izaak,Shaefer,3/31/1932,2061779131,ishaeferew@gizmodo.com,4
538,Evvie,Shevlane,7/10/2003,8188118979,eshevlaneex@bravesites.com,3
539,Melinde,MacCombe,12/19/1976,1238811483,mmaccombeey@ocn.ne.jp,3
540,Wolf,Rookes,2/4/1967,8647875551,wrookesez@ed.gov,3
541,Godfry,Kordt,6/15/1937,8645598131,gkordtf0@virginia.edu,1
542,Rosabella,Bustin,3/4/2001,5059139523,rbustinf1@sina.com.cn,1
543,Ronnie,Palumbo,6/3/1995,7495018653,rpalumbof2@about.com,5
544,Orelle,Winn,7/4/1991,8242125309,owinnf3@comcast.net,4
545,Elinore,Gaveltone,9/24/1955,1462311936,egaveltonef4@clickbank.net,1
546,Leonhard,Merrisson,1/11/1961,7869638950,lmerrissonf5@army.mil,1
547,Morse,Stollhofer,12/2/1942,5559667125,mstollhoferf6@tinyurl.com,3
548,Selie,Dumbleton,2/1/1936,5567897868,sdumbletonf7@mlb.com,3
549,Welby,Jiranek,1/18/1938,1638833604,wjiranekf8@myspace.com,2
550,Jinny,Fell,2/26/1934,1596980859,jfellf9@wikimedia.org,5
551,Waverley,Temby,2/18/1953,9601266497,wtembyfa@archive.org,4
552,Jory,Stienham,8/24/1940,4685012265,jstienhamfb@apple.com,5
553,Ethelda,Herculson,12/23/1935,9671593739,eherculsonfc@jalbum.net,1
554,Klarrisa,Hare,4/16/1996,6011326356,kharefd@sogou.com,3
555,Delilah,Morsey,8/26/1982,7155089751,dmorseyfe@ow.ly,4
556,Carlyle,Howsley,1/4/1988,8944840015,chowsleyff@cbsnews.com,3
557,Erroll,Quaintance,2/27/2009,9824914349,equaintancefg@dmoz.org,3
558,Anneliese,Aylott,1/30/1941,3361603963,aaylottfh@nhs.uk,1
559,Arabella,Wozencraft,1/31/1943,2271035726,awozencraftfi@ucla.edu,5
560,Evangeline,Stilwell,10/11/2003,6692529425,estilwellfj@cdbaby.com,2
561,Greta,Godman,3/29/2009,9269647662,ggodmanfk@cam.ac.uk,5
562,Maiga,Savery,9/27/1945,5002631042,msaveryfl@ucoz.ru,2
563,Paulie,Primo,1/23/2008,3355734429,pprimofm@etsy.com,3
564,Astrix,Realff,10/20/1994,6736000342,arealfffn@flavors.me,2
565,Dorolice,Sobczak,7/16/1984,8561450945,dsobczakfo@mail.ru,2
566,Myron,Kenwell,9/7/1977,8865868166,mkenwellfp@rakuten.co.jp,5
567,Gilbert,Gritsunov,7/18/1946,7474583267,ggritsunovfq@deviantart.com,2
568,Renaud,Clarson,12/18/1969,5318937239,rclarsonfr@techcrunch.com,3
569,Rodolfo,Bentham,11/13/1989,9396090343,rbenthamfs@ihg.com,1
570,Jeniece,Giddy,11/1/1983,3461990363,jgiddyft@tinypic.com,4
571,Jenn,Eykel,2/3/1989,1594616395,jeykelfu@webs.com,5
572,Susannah,Gribbin,10/8/1931,4217520652,sgribbinfv@quantcast.com,1
573,Fannie,Bartelot,7/24/1937,5109389568,fbartelotfw@hexun.com,2
574,Dorris,Sawley,9/22/1952,2867663079,dsawleyfx@arizona.edu,1
575,Lanae,Scamel,3/14/1981,8719836992,lscamelfy@mediafire.com,3
576,Mollee,Moralas,9/14/1984,9852422362,mmoralasfz@google.es,5
577,Tate,Ashelford,11/7/1941,4707394105,tashelfordg0@skyrock.com,3
578,Miles,Darnody,2/23/1999,6167914481,mdarnodyg1@1688.com,1
579,Prisca,Mattessen,7/13/1939,8174833664,pmattesseng2@simplemachines.org,3
580,Jarrod,Bartelot,9/6/1940,8486229496,jbartelotg3@dedecms.com,2
581,Grethel,Livingstone,5/31/1973,6803069119,glivingstoneg4@alexa.com,3
582,Petronille,Meneo,5/20/1961,5462057209,pmeneog5@weebly.com,3
583,Merrill,Walder,11/19/1973,5974405634,mwalderg6@yelp.com,1
584,Yovonnda,McCowen,12/14/1989,7673590563,ymccoweng7@jimdo.com,4
585,Klarika,Leglise,9/25/1998,5575081992,klegliseg8@boston.com,3
586,Norrie,Stoffel,6/19/1942,6161677779,nstoffelg9@blog.com,3
587,Aluin,Mille,2/8/1951,6833197587,amillega@state.gov,4
588,Evanne,Medland,7/31/1960,4633887865,emedlandgb@posterous.com,1
589,Francklyn,Trouel,6/30/1939,4491809354,ftrouelgc@weibo.com,2
590,Josefina,Hudel,1/10/1992,9632197674,jhudelgd@auda.org.au,2
591,Amie,Roycroft,7/8/1989,3512640570,aroycroftge@csmonitor.com,1
592,Seth,Starzaker,8/8/1974,3051649477,sstarzakergf@usgs.gov,3
593,Olva,Hitzke,12/15/1967,1962129137,ohitzkegg@fastcompany.com,5
594,Elora,Carbin,11/23/2010,4347959879,ecarbingh@dagondesign.com,4
595,Alexandre,Atmore,3/19/1957,1671678983,aatmoregi@feedburner.com,4
596,Estrella,Screwton,10/26/1948,5677848905,escrewtongj@sbwire.com,1
597,Ailyn,Tethcote,11/19/1999,9039476952,atethcotegk@mapquest.com,2
598,Franklin,Isacsson,3/24/1946,7916108527,fisacssongl@artisteer.com,5
599,Stirling,Windridge,6/25/2008,1313838254,swindridgegm@gov.uk,2
600,Ophelie,Haburne,1/4/1955,5248053859,ohaburnegn@bing.com,5
601,Buck,Gristock,4/12/2007,1069405142,bgristockgo@cocolognifty.com,4
602,Terrance,Fawlkes,3/18/1950,5955819292,tfawlkesgp@reverbnation.com,5
603,Clareta,Kobu,4/24/1973,2326452263,ckobugq@dyndns.org,4
604,Birch,Dallander,6/26/1999,7458250937,bdallandergr@php.net,4
605,Fernando,Brun,10/8/1998,8242053677,fbrungs@cbc.ca,4
606,Bethany,Rodgier,1/30/1970,5215997312,brodgiergt@nba.com,2
607,Kissiah,Dennehy,7/16/1938,8743119387,kdennehygu@umich.edu,5
608,Forester,Harwell,3/10/1934,6771294843,fharwellgv@posterous.com,1
609,Linn,Woodworth,7/2/1955,7364991279,lwoodworthgw@taobao.com,1
610,Umberto,Ovendale,12/29/1996,1369696177,uovendalegx@cnn.com,2
611,Brena,Kaming,11/14/1983,1345864389,bkaminggy@joomla.org,3
612,Charlene,Lawrance,4/4/1993,6537808432,clawrancegz@go.com,5
613,Pren,Stanyard,12/10/1968,7008315255,pstanyardh0@abc.net.au,4
614,Marv,Bahlmann,2/10/2008,8599678230,mbahlmannh1@foxnews.com,4
615,Greta,Pauly,9/13/1995,5217194928,gpaulyh2@samsung.com,2
616,Alice,Garrud,5/3/1996,1527704454,agarrudh3@friendfeed.com,3
617,Kermit,Phebee,7/12/1930,5043468568,kphebeeh4@listmanage.com,5
618,Regen,Richings,8/10/1988,2317163181,rrichingsh5@prweb.com,4
619,Othella,Sugg,1/6/1941,6304422111,osuggh6@pbs.org,5
620,Ciro,St. Aubyn,2/24/1967,8147770407,cstaubynh7@microsoft.com,2
621,Myrna,Robertucci,12/7/1995,3089966157,mrobertuccih8@nationalgeographic.com,3
622,Tiler,Pallaske,12/9/1936,2124681189,tpallaskeh9@dailymail.co.uk,5
623,Augy,Fereday,5/26/2008,4983461835,aferedayha@barnesandnoble.com,5
624,Ellary,Liddle,7/27/1947,7721669941,eliddlehb@csmonitor.com,1
625,Emiline,Klimushev,4/17/1976,2894383368,eklimushevhc@1688.com,1
626,Verge,Alabastar,12/16/1969,8306266157,valabastarhd@fda.gov,1
627,Cari,Peakman,10/5/1975,5193706197,cpeakmanhe@ca.gov,5
628,Wake,Rain,3/30/1986,7815995081,wrainhf@lulu.com,5
629,Town,Lehr,9/1/1934,9978268493,tlehrhg@a8.net,5
630,Huey,Glanders,4/26/1942,3546305870,hglandershh@github.com,1
631,Culley,Ebbitt,10/4/2009,6482781806,cebbitthi@deviantart.com,5
632,Kennedy,Kinnie,10/12/1978,7022452128,kkinniehj@furl.net,3
633,Jennette,Circuit,9/14/1962,5415897489,jcircuithk@blinklist.com,2
634,Geraldine,Bartholin,2/4/1933,3108762938,gbartholinhl@buzzfeed.com,1
635,Duffie,Oleshunin,2/14/1978,6287697957,doleshuninhm@freewebs.com,1
636,Edgar,Burchall,4/15/1983,6794402084,eburchallhn@naver.com,2
637,Padraic,M'Barron,4/19/2006,9597465039,pmbarronho@webs.com,1
638,Debbie,O'Cuddie,6/5/2003,7029341020,docuddiehp@hatena.ne.jp,5
639,Alecia,Searston,11/29/1982,5771172462,asearstonhq@nps.gov,4
640,Fernande,Burgwin,8/7/1935,1159358495,fburgwinhr@google.co.jp,2
641,Rebbecca,Cogan,6/10/2003,3802552712,rcoganhs@addthis.com,4
642,Gabrielle,Headan,2/13/2004,6218207320,gheadanht@addthis.com,5
643,Shawna,McBrearty,10/19/1975,1093319711,smcbreartyhu@tumblr.com,4
644,Jennica,Aksell,8/6/1958,6687413466,jaksellhv@salon.com,5
645,Dionysus,Ebertz,3/27/1937,7367598765,debertzhw@php.net,5
646,Giffie,Brodnecke,10/8/2006,9931011403,gbrodneckehx@biglobe.ne.jp,1
647,Tracy,Dow,1/4/1960,2372205561,tdowhy@harvard.edu,4
648,Arney,Gwyllt,7/27/2004,2779717416,agwyllthz@dagondesign.com,2
649,Mal,Oller,2/18/2002,1329954368,molleri0@constantcontact.com,5
650,Carmine,Farrell,6/2/1961,7262923548,cfarrelli1@jugem.jp,2
651,Christabel,Lanmeid,12/18/1994,6689499100,clanmeidi2@opensource.org,1
652,Sybyl,Aynscombe,11/3/1970,6977733378,saynscombei3@freewebs.com,1
653,Ainslie,Prevost,4/24/1933,9664715354,aprevosti4@cafepress.com,2
654,Donni,Parr,9/10/1990,4894674303,dparri5@arstechnica.com,5
655,Fidelia,Watt,12/14/1932,5276527188,fwatti6@toplist.cz,4
656,Stirling,Winslett,9/28/1998,6411636470,swinsletti7@businessinsider.com,4
657,Nikki,Quilligan,9/20/2000,5325756044,nquilligani8@nps.gov,2
658,Lark,Crowter,9/9/1985,7998060391,lcrowteri9@paginegialle.it,2
659,Klarrisa,Cousens,3/4/1937,7222230685,kcousensia@latimes.com,3
660,Zelda,Piers,4/25/1970,7833980829,zpiersib@virginia.edu,1
661,Grady,Huxter,6/21/1989,4505743515,ghuxteric@unesco.org,4
662,Malvin,Bennen,8/17/1934,3397959374,mbennenid@furl.net,2
663,Theodor,Cazalet,3/4/1973,4793709096,tcazaletie@lycos.com,3
664,Samson,Filson,5/5/1946,1546904174,sfilsonif@smh.com.au,3
665,Phylis,Hasell,2/13/1991,9649080697,phasellig@parallels.com,1
666,Arlena,Alliban,5/21/1934,1523269331,aallibanih@senate.gov,1
667,Valentina,Joll,6/29/1956,7277914428,vjollii@harvard.edu,5
668,Montague,Hanlin,4/24/1951,9522552441,mhanlinij@uol.com.br,5
669,Nico,Hinchshaw,6/20/2010,9214814674,nhinchshawik@jimdo.com,4
670,Eirena,Schermick,12/7/1933,1389806252,eschermickil@yahoo.com,2
671,Lorraine,Bumphrey,7/17/2009,8144706347,lbumphreyim@cargocollective.com,4
672,Tuesday,Le Pruvost,12/8/1982,9375686993,tlepruvostin@tumblr.com,1
673,Jarret,Keppie,6/19/1983,8833854848,jkeppieio@howstuffworks.com,4
674,Ludwig,Southeran,12/7/1995,9173458180,lsoutheranip@opera.com,5
675,Theressa,Adran,5/16/1974,5873717131,tadraniq@wsj.com,3
676,Beatrice,Meece,12/7/1938,5761991603,bmeeceir@behance.net,1
677,Katerina,Ebi,5/9/1975,4964785689,kebiis@microsoft.com,3
678,Nananne,Woollin,1/26/1955,3091031948,nwoollinit@mlb.com,3
679,Barnaby,Blundon,11/20/1937,9162851330,bblundoniu@soup.io,5
680,Amalee,Pellingar,1/29/1997,2669896593,apellingariv@nhs.uk,5
681,Joshia,Coghlan,8/23/2006,5392905919,jcoghlaniw@google.co.jp,1
682,Editha,Iannelli,11/26/1998,9516622281,eiannelliix@oracle.com,4
683,Katheryn,Mitchenson,11/27/1996,7342628084,kmitchensoniy@ox.ac.uk,5
684,Allie,Bubear,1/28/2002,8944474715,abubeariz@vimeo.com,3
685,Rudiger,MacCaull,10/12/2009,4132312479,rmaccaullj0@woothemes.com,4
686,Federica,Oleszcuk,5/14/2002,1136931480,foleszcukj1@indiegogo.com,4
687,Riannon,Feechan,2/22/1979,1828960866,rfeechanj2@ebay.co.uk,5
688,Karly,Bricksey,5/25/1984,4294432301,kbrickseyj3@dion.ne.jp,2
689,Alfi,Spenton,5/16/1942,9458618091,aspentonj4@is.gd,3
690,Jannel,Crank,3/30/1958,8156027795,jcrankj5@liveinternet.ru,2
691,Orlan,Flecknell,11/13/1935,6831868729,oflecknellj6@adobe.com,1
692,Northrup,Peplaw,1/30/1985,7453702245,npeplawj7@sina.com.cn,5
693,Ollie,Grafton,8/24/1933,4361625409,ograftonj8@smh.com.au,1
694,Alis,Di Roberto,9/10/1963,4563086239,adirobertoj9@de.vu,3
695,Nonie,Suggey,8/26/2001,9143832609,nsuggeyja@irs.gov,3
696,Roxy,Crosskill,9/11/2005,3653135716,rcrosskilljb@google.ru,2
697,Jaquelyn,Duddridge,3/29/1956,6034304348,jduddridgejc@youtube.com,5
698,Jayme,Keach,10/2/1986,9755260170,jkeachjd@upenn.edu,2
699,Chad,Swalough,2/4/1932,6868271305,cswaloughje@ow.ly,5
700,Anstice,Lackemann,3/17/1940,5167840600,alackemannjf@behance.net,3
701,Leroi,Livesay,5/11/1983,2295095289,llivesayjg@webeden.co.uk,4
702,Deni,Maplesden,9/9/1984,8798719068,dmaplesdenjh@php.net,1
703,Donna,Eldon,5/23/1964,3756280849,deldonji@wordpress.org,2
704,Bobbie,Janosevic,6/16/1940,3891062350,bjanosevicjj@usatoday.com,2
705,Livvie,Clerc,4/4/1961,1956041932,lclercjk@dedecms.com,1
706,Urbanus,Midden,12/23/1976,2133088249,umiddenjl@europa.eu,4
707,Humberto,Gier,10/24/1954,5708001916,hgierjm@digg.com,3
708,Urson,Caselli,2/1/1987,8678580198,ucasellijn@edublogs.org,3
709,Scot,McGibbon,5/5/1957,5927444514,smcgibbonjo@oaic.gov.au,2
710,Travers,Reedman,1/17/1963,2537386961,treedmanjp@ocn.ne.jp,1
711,Verina,Paraman,8/24/1987,9983114852,vparamanjq@cam.ac.uk,3
712,Shayne,Lapides,7/7/1967,3964695285,slapidesjr@ustream.tv,2
713,Nana,Devanny,5/26/1933,7741296139,ndevannyjs@berkeley.edu,5
714,Marissa,Mardoll,1/23/1951,9284063130,mmardolljt@hostgator.com,4
715,Bartie,Lescop,10/20/1987,9782678449,blescopju@4shared.com,4
716,Clarisse,Ogan,4/6/1953,4182033533,coganjv@homestead.com,2
717,Ansel,Aleksandrov,10/20/2010,9426921372,aaleksandrovjw@abc.net.au,3
718,Dolorita,Stillman,6/22/1991,7021985169,dstillmanjx@tripod.com,5
719,Cory,Killiam,7/16/1995,7126680440,ckilliamjy@livejournal.com,3
720,Charil,Capin,7/27/1954,3566164399,ccapinjz@sonet.ne.jp,1
721,Lane,Speed,6/23/1953,7912876418,lspeedk0@gizmodo.com,4
722,Emmet,Millott,11/21/1942,9163504690,emillottk1@netlog.com,2
723,Hermon,Ipgrave,8/22/1996,8308951334,hipgravek2@dailymail.co.uk,1
724,Fay,Leyson,2/9/1993,2634019872,fleysonk3@behance.net,3
725,Beckie,Dulwich,3/18/1990,9984962008,bdulwichk4@epa.gov,5
726,Evaleen,Grafhom,6/24/1931,8981500249,egrafhomk5@hostgator.com,5
727,Livvie,Simonetto,12/22/1964,3224709706,lsimonettok6@ameblo.jp,1
728,Worthy,Boaler,3/22/1977,3389285037,wboalerk7@yale.edu,4
729,Orazio,Strowther,7/26/2010,5335558776,ostrowtherk8@mail.ru,2
730,Yule,Wank,10/16/1999,9948840743,ywankk9@spiegel.de,2
731,Earlie,Ebben,12/28/1977,4619762197,eebbenka@webmd.com,4
732,Wye,Cridland,10/9/1931,1935819593,wcridlandkb@mozilla.com,1
733,Deanna,Latey,3/7/1955,7606753440,dlateykc@i2i.jp,5
734,Doralynne,Reddle,7/27/1987,9072944025,dreddlekd@rakuten.co.jp,5
735,Rurik,Stutter,5/28/1930,5502789885,rstutterke@google.fr,5
736,Tiffany,Serjeantson,11/3/1980,5581162134,tserjeantsonkf@hugedomains.com,2
737,Harv,Alphonso,10/5/2006,3602158014,halphonsokg@live.com,2
738,Terrijo,Lunney,1/23/1999,4256084328,tlunneykh@facebook.com,2
739,Tonnie,Smyth,7/20/1995,2847964911,tsmythki@chron.com,4
740,Bendix,Callis,10/14/1946,9991869944,bcalliskj@linkedin.com,3
741,Tommy,Baxter,4/17/1962,5049476580,tbaxterkk@gmpg.org,5
742,Celene,Stearndale,2/4/1994,5179019465,cstearndalekl@economist.com,5
743,Joelly,Tortoise,3/26/1951,4082722075,jtortoisekm@blogspot.com,3
744,Jack,Geffcock,10/29/1964,7838496695,jgeffcockkn@cisco.com,3
745,Venita,Langlais,9/3/1952,8895290472,vlanglaisko@miitbeian.gov.cn,2
746,Evangeline,Heine,9/5/1962,7132723694,eheinekp@nps.gov,3
747,Salvidor,Reedshaw,11/27/1956,6844271604,sreedshawkq@phoca.cz,3
748,Doria,Spier,7/13/1969,1064825502,dspierkr@reference.com,3
749,Esther,Fincke,7/4/1997,3926804222,efinckeks@adobe.com,5
750,Baillie,Lambourne,2/26/1957,7208684067,blambournekt@independent.co.uk,1
751,Roby,Dicty,4/14/1954,8217141976,rdictyku@booking.com,1
752,Ford,Conkay,2/9/1938,3833641876,fconkaykv@biglobe.ne.jp,3
753,Johnny,Evershed,3/29/1954,3642626393,jevershedkw@hc360.com,5
754,Ellery,Penwright,1/16/1982,6728937576,epenwrightkx@imgur.com,4
755,Daven,Turbat,7/26/1958,5727293319,dturbatky@opera.com,4
756,Whitman,Scampion,12/3/1968,6028288417,wscampionkz@engadget.com,4
757,Atalanta,Hearnshaw,4/20/1936,8617758990,ahearnshawl0@parallels.com,2
758,Gearard,Lockitt,5/6/2009,5271951504,glockittl1@answers.com,3
759,Jeffrey,Scrowby,11/25/1959,3879271289,jscrowbyl2@github.com,5
760,Sammy,Thickens,1/10/1948,2991619637,sthickensl3@hud.gov,4
761,Valeda,Mayow,11/18/1934,9009565766,vmayowl4@gnu.org,5
762,Sharon,Skewes,1/30/1955,6109850152,sskewesl5@digg.com,2
763,Michelina,Walworche,1/26/1981,5854097702,mwalworchel6@mayoclinic.com,3
764,Kaycee,Camilli,3/16/1944,2676660578,kcamillil7@google.com.br,1
765,Colleen,Barlass,5/30/1997,6843720828,cbarlassl8@youtu.be,4
766,Starlin,Yelding,10/20/1974,5025336841,syeldingl9@ycombinator.com,5
767,Clio,Crotty,11/9/1930,3903190196,ccrottyla@unblog.fr,2
768,Base,Helversen,1/21/1943,2331882093,bhelversenlb@virginia.edu,2
769,Arri,Tucknott,11/27/1954,7326791886,atucknottlc@xinhuanet.com,5
770,Vin,Clerk,11/5/1942,2069680094,vclerkld@ameblo.jp,5
771,Aurore,Mogey,4/3/1993,7824322781,amogeyle@theguardian.com,2
772,Karissa,McNellis,2/27/1932,8996429336,kmcnellislf@google.co.jp,5
773,Costanza,Lindsell,9/8/1963,9795462991,clindselllg@hhs.gov,3
774,Harmony,Eck,12/15/1943,5914299593,hecklh@networkadvertising.org,3
775,Chen,Dunkley,2/12/1981,3114290450,cdunkleyli@microsoft.com,1
776,Elle,Roche,4/24/1941,7191127007,erochelj@furl.net,4
777,Katalin,Virgoe,11/20/1946,6372249579,kvirgoelk@gmpg.org,5
778,Jo,Gallaway,4/16/1976,8145983289,jgallawayll@usatoday.com,5
779,Lucho,Morland,1/1/1974,4682708074,lmorlandlm@hud.gov,5
780,Della,Sturney,9/10/1987,3899312886,dsturneyln@jalbum.net,5
781,Tera,Blowen,11/30/1983,2432350444,tblowenlo@spotify.com,3
782,Ina,Bikker,12/14/1963,5491568810,ibikkerlp@nydailynews.com,2
783,Ario,Seed,12/1/1969,7687744051,aseedlq@flavors.me,2
784,Theodor,Spurling,7/23/1985,1864753608,tspurlinglr@studiopress.com,2
785,Leia,Brobak,2/24/1972,9366084387,lbrobakls@blinklist.com,5
786,Robb,Iannetti,8/27/1995,7861200557,riannettilt@ebay.co.uk,1
787,Bonnie,Knowles,12/15/1985,6932936813,bknowleslu@ca.gov,1
788,Wendy,Cotterill,8/2/1983,4622703308,wcotterilllv@live.com,2
789,Raynor,Pedrielli,1/12/2003,6977251664,rpedriellilw@home.pl,2
790,Daffi,Letten,3/2/1955,8319291411,dlettenlx@dell.com,1
791,Farr,Daines,1/26/1931,4196511078,fdainesly@histats.com,5
792,Rochette,Probart,10/26/2002,1887648451,rprobartlz@wordpress.org,5
793,Mycah,Placstone,11/7/1953,6556601732,mplacstonem0@qq.com,5
794,Mora,Blackney,6/21/1978,3792496016,mblackneym1@springer.com,5
795,Aurelia,Stannah,7/15/1933,6663149048,astannahm2@nasa.gov,4
796,Torin,Mountney,8/15/1962,7373925610,tmountneym3@time.com,1
797,Moore,Eustes,6/28/1984,4943482631,meustesm4@cnet.com,2
798,Glendon,Korfmann,12/16/1934,6138226421,gkorfmannm5@princeton.edu,5
799,Annamaria,Watterson,4/25/1991,9727243792,awattersonm6@skyrock.com,1
800,Wally,Rabson,9/27/1947,4371344626,wrabsonm7@goodreads.com,5
801,Tine,Dunphie,1/12/1934,9159628426,tdunphiem8@ox.ac.uk,2
802,Jeromy,Boller,5/14/1964,5527942661,jbollerm9@prlog.org,3
803,Billie,Anstis,11/13/1965,4016564479,banstisma@bigcartel.com,3
804,Natty,Boss,11/18/1958,8077011639,nbossmb@nationalgeographic.com,3
805,Alia,Leynham,7/30/1950,8966864402,aleynhammc@dagondesign.com,1
806,Thomasina,Sterry,12/27/2002,9599174331,tsterrymd@gravatar.com,1
807,Danella,Rolston,2/10/1996,2089922846,drolstonme@go.com,3
808,Liane,Durrant,10/21/1963,3238006828,ldurrantmf@php.net,3
809,Gherardo,Alessandrelli,5/2/1937,2976208199,galessandrellimg@fda.gov,4
810,Stanwood,Pavlovsky,9/13/1972,4845079202,spavlovskymh@comsenz.com,1
811,Chandal,Shervil,8/13/1988,7177135126,cshervilmi@163.com,2
812,Herschel,Walesby,3/29/1979,1083227150,hwalesbymj@cargocollective.com,1
813,Sanford,Berryann,11/11/1977,7348556242,sberryannmk@posterous.com,2
814,Shelden,Ranken,1/4/1958,4665495600,srankenml@hubpages.com,5
815,Orland,Middup,12/13/1950,6592040978,omiddupmm@vk.com,1
816,Darell,Sorsbie,1/15/1995,4615405262,dsorsbiemn@ebay.co.uk,2
817,Otes,Holliar,6/18/1964,7761775706,oholliarmo@webnode.com,5
818,Janina,Shipp,6/24/1935,3164034630,jshippmp@vimeo.com,5
819,Willis,Leaver,6/14/1956,8757368969,wleavermq@omniture.com,3
820,Addie,Fortune,6/12/1984,7082840615,afortunemr@cisco.com,1
821,Ardra,Wrassell,5/7/2005,6852224494,awrassellms@ustream.tv,1
822,Denys,Pavlovic,3/9/1969,9192598658,dpavlovicmt@about.me,3
823,Sonnnie,Cuddon,8/23/1990,4697588458,scuddonmu@nasa.gov,3
824,Omero,Keoghane,4/16/1988,6743573408,okeoghanemv@comcast.net,4
825,Urban,Gallimore,11/12/1994,9671038908,ugallimoremw@miitbeian.gov.cn,2
826,Conney,Larrett,11/30/2009,8548231657,clarrettmx@wufoo.com,2
827,Radcliffe,Rosenstock,11/22/1967,6284635586,rrosenstockmy@php.net,1
828,Jillian,Vacher,10/10/1995,1649758049,jvachermz@shinystat.com,5
829,Herrick,Hammell,4/20/1944,2679864788,hhammelln0@linkedin.com,5
830,Yoshi,Rodd,1/16/1982,4808921180,yroddn1@oaic.gov.au,3
831,Caresse,Ledgister,9/29/1979,1508344364,cledgistern2@forbes.com,1
832,Carolyne,Athridge,12/4/1943,3277967335,cathridgen3@ovh.net,3
833,Dacie,Raynor,9/27/2005,3506068407,draynorn4@npr.org,2
834,Horten,Haysey,2/19/1964,5147870217,hhayseyn5@loc.gov,2
835,Beckie,Poxton,2/25/1981,1005495911,bpoxtonn6@tonline.de,1
836,Maribel,Quimby,5/22/1958,5407757422,mquimbyn7@forbes.com,3
837,Farley,Morde,5/15/1982,8148645759,fmorden8@xrea.com,4
838,Lorelei,Zanetti,2/3/2001,4611264703,lzanettin9@washington.edu,5
839,Broddy,Gwalter,2/22/1946,3515004072,bgwalterna@nyu.edu,4
840,Riordan,Kilmartin,6/2/1992,3377891899,rkilmartinnb@bloglovin.com,3
841,Callie,Garrud,12/18/1958,7944842100,cgarrudnc@zimbio.com,2
842,Jemmy,Bozward,9/26/1931,2677615007,jbozwardnd@mediafire.com,5
843,Nerissa,Berget,3/19/1992,4922194865,nbergetne@mit.edu,5
844,Alecia,Jannex,4/13/1938,5492652117,ajannexnf@moonfruit.com,5
845,Berkley,Vaz,8/5/1990,8714180717,bvazng@blinklist.com,1
846,Dody,Beaver,5/21/1973,2201302049,dbeavernh@clickbank.net,4
847,Almira,Kerley,11/11/1974,3395228538,akerleyni@pbs.org,5
848,Josh,Autin,6/1/2006,8854301319,jautinnj@hugedomains.com,1
849,Ambur,Le  Count,11/24/1974,1121624196,alecountnk@yahoo.co.jp,4
850,Etti,Medhurst,2/24/1980,1479628968,emedhurstnl@eepurl.com,1
851,Ivett,Hucke,10/22/2010,3779439829,ihuckenm@google.es,4
852,Fredelia,Britten,9/28/1986,8384443805,fbrittennn@51.la,1
853,Pearl,Crilley,5/5/1968,1861778035,pcrilleyno@blogger.com,5
854,Edmund,Edwicke,10/12/2001,9261960391,eedwickenp@time.com,4
855,Meriel,Ferreo,3/25/1962,1288267542,mferreonq@homestead.com,3
856,Opal,Eldin,7/27/1967,8581227440,oeldinnr@hao123.com,5
857,Hadrian,Kubicki,10/19/1992,6094769318,hkubickins@usnews.com,1
858,Reinold,Adamiak,5/31/1989,6017529153,radamiaknt@skype.com,4
859,Jamie,Smidmore,10/31/2004,8062410779,jsmidmorenu@skype.com,3
860,Jean,Broomer,7/9/1958,3567380020,jbroomernv@wordpress.org,2
861,Dukey,Pardi,2/27/1984,7647184024,dpardinw@fotki.com,5
862,Erinna,Sommers,8/17/2010,6142503718,esommersnx@gnu.org,5
863,Juan,Jakeman,4/13/1948,6552532393,jjakemanny@paypal.com,5
864,Nadeen,North,2/10/1978,9381774789,nnorthnz@miibeian.gov.cn,1
865,Cathryn,Barwick,5/31/1973,4072606040,cbarwicko0@fema.gov,4
866,Hynda,Cecchetelli,4/18/1946,6975110066,hcecchetellio1@ft.com,4
867,Nevil,Cullinan,12/20/1978,5634422465,ncullinano2@istockphoto.com,4
868,Peria,Mitrikhin,8/31/1991,4487999082,pmitrikhino3@mapy.cz,1
869,Jandy,De Bruin,8/30/1997,5981263252,jdebruino4@meetup.com,1
870,Ceciley,Szymaniak,7/24/1977,4441099114,cszymaniako5@desdev.cn,5
871,Stefanie,Lockyear,2/10/1959,1431088440,slockyearo6@360.cn,4
872,Kelsey,Stapleton,6/22/1981,1961471273,kstapletono7@acquirethisname.com,1
873,Bengt,Fretwell,9/6/1975,2615297874,bfretwello8@booking.com,4
874,Kimmi,Abramino,10/3/1957,4179706531,kabraminoo9@paypal.com,2
875,Ebenezer,Osboldstone,9/15/1986,2439278823,eosboldstoneoa@dedecms.com,4
876,Cyndy,Probart,9/14/2005,2245557493,cprobartob@smh.com.au,2
877,Cullan,Snoday,8/15/1940,5406716380,csnodayoc@ocn.ne.jp,3
878,Jacqui,Kulis,5/25/1934,7073535464,jkulisod@cdbaby.com,2
879,Corilla,Abrami,3/23/1989,6759247878,cabramioe@cbsnews.com,4
880,Tiffanie,Wooff,11/18/1983,9539072639,twooffof@com.com,2
881,Kordula,Santora,3/10/1951,3042543270,ksantoraog@house.gov,2
882,Goldina,O'Connor,2/10/1966,3634275298,goconnoroh@google.fr,5
883,Gertrud,Gethouse,1/10/1937,6722279451,ggethouseoi@epa.gov,3
884,Caressa,Liebmann,5/19/1990,2339595045,cliebmannoj@addthis.com,3
885,Joli,MacCarrane,3/28/1967,9156979349,jmaccarraneok@hugedomains.com,3
886,Dahlia,Hibling,2/18/1997,2208531148,dhiblingol@creativecommons.org,4
887,Svend,Marle,7/21/1993,2819432512,smarleom@soup.io,3
888,Jeannie,Scopham,3/13/1989,5599989844,jscophamon@tripod.com,5
889,Dulcia,Matskiv,7/23/1938,9738708206,dmatskivoo@ehow.com,2
890,Gretna,Cashell,12/23/2001,1459380388,gcashellop@goo.ne.jp,1
891,Marc,Parsley,6/30/1956,1138203036,mparsleyoq@hugedomains.com,4
892,Eden,Leverington,5/21/1945,5488997355,eleveringtonor@japanpost.jp,4
893,Torrey,Brandes,11/6/1971,3103925047,tbrandesos@unicef.org,1
894,Aldwin,Hartley,6/3/2009,6122093366,ahartleyot@about.me,4
895,Joyce,Vakhonin,9/13/2002,2737045132,jvakhoninou@zimbio.com,3
896,Peyton,Chedgey,3/8/1979,7037388601,pchedgeyov@huffingtonpost.com,5
897,Elli,Engelbrecht,12/17/2009,4382013657,eengelbrechtow@usa.gov,3
898,Vivian,Sainter,8/12/1947,7358374065,vsainterox@springer.com,1
899,Sherwin,Creaser,3/1/2006,9308623307,screaseroy@studiopress.com,2
900,Felipe,Akid,3/4/1937,4655986235,fakidoz@yahoo.co.jp,5
901,Juliane,Perrins,1/3/1970,2523306121,jperrinsp0@live.com,5
902,Saleem,Patel,8/17/1995,7942174123,spatelp1@merriamwebster.com,3
903,Sheffie,Gouldeby,12/22/1995,4849130152,sgouldebyp2@alibaba.com,4
904,Salaidh,Gelderd,11/19/1948,6071501525,sgelderdp3@nydailynews.com,4
905,Modesty,Heynel,2/17/1957,2043653787,mheynelp4@discovery.com,1
906,Neilla,Syratt,6/1/2007,7378734533,nsyrattp5@ibm.com,2
907,Johannah,Snarie,7/14/1974,3908275814,jsnariep6@psu.edu,3
908,Jacobo,Canadas,9/18/1985,7741763267,jcanadasp7@arizona.edu,3
909,Willi,Kundert,11/23/1941,6372063908,wkundertp8@twitpic.com,1
910,Gamaliel,Garrard,10/24/1962,1382329631,ggarrardp9@tmall.com,1
911,Emmy,Creese,10/15/1984,8365170426,ecreesepa@yolasite.com,3
912,Boothe,Panting,9/25/1934,2204119678,bpantingpb@bizjournals.com,4
913,Felicia,Hirschmann,12/20/1950,8433779114,fhirschmannpc@paginegialle.it,1
914,Bert,Succamore,2/27/1995,2699722767,bsuccamorepd@guardian.co.uk,5
915,Dareen,Quartley,12/9/1934,4879569131,dquartleype@jimdo.com,4
916,Maren,Dirr,1/2/1950,7521836029,mdirrpf@netvibes.com,1
917,Laurena,Plain,8/20/1996,2147503948,lplainpg@google.nl,1
918,Alexei,Ramirez,12/23/2001,6749694068,aramirezph@tumblr.com,4
919,Betta,Grichukhanov,2/12/1951,6269084970,bgrichukhanovpi@jugem.jp,1
920,Brewster,Mulbery,2/3/1939,2145367179,bmulberypj@example.com,3
921,Quinton,Gepheart,6/6/1982,9667833823,qgepheartpk@webs.com,2
922,Lynn,Maccraw,7/23/1960,3586143205,lmaccrawpl@jiathis.com,2
923,Kiley,Gildroy,3/3/1931,4235999189,kgildroypm@squarespace.com,3
924,Kelley,Heyburn,9/2/1957,2007555396,kheyburnpn@noaa.gov,5
925,Whitman,Mayers,9/8/1965,4743584376,wmayerspo@discuz.net,4
926,Cloe,Harrington,1/13/2000,9533998897,charringtonpp@tumblr.com,1
927,Lolly,Probart,8/19/1974,6607121195,lprobartpq@wikipedia.org,2
928,Thorny,Myrie,12/29/1930,8813925467,tmyriepr@bbc.co.uk,2
929,Nessa,Francklin,3/27/2010,1154274682,nfrancklinps@canalblog.com,1
930,Marabel,Jacketts,12/8/1933,9558698007,mjackettspt@github.com,3
931,Callie,Imrie,5/1/1974,4179096254,cimriepu@craigslist.org,4
932,Herbert,Swithenby,8/18/1984,5325479828,hswithenbypv@dedecms.com,1
933,Libbi,Mowne,12/15/1953,9458751391,lmownepw@scribd.com,5
934,Neill,Alway,7/11/1932,4472413597,nalwaypx@hud.gov,2
935,Katerine,Kennham,3/12/2004,4109520911,kkennhampy@unicef.org,1
936,Sallee,Demongeot,5/1/1997,5224312034,sdemongeotpz@a8.net,4
937,Barthel,Siburn,2/13/1994,2591313612,bsiburnq0@merriamwebster.com,3
938,Dulcy,Shoebotham,8/15/1945,6308535302,dshoebothamq1@shoppro.jp,1
939,Davidson,Hegden,4/7/1997,4399697540,dhegdenq2@ebay.co.uk,2
940,Ariel,Ottosen,4/9/1999,2731426034,aottosenq3@imageshack.us,1
941,Vi,Cattrall,10/11/1988,1343700818,vcattrallq4@alexa.com,4
942,Goldina,Hedgecock,11/5/2009,4684185589,ghedgecockq5@naver.com,1
943,Aili,Bamford,1/13/1998,2297385100,abamfordq6@goodreads.com,5
944,Ame,Rule,10/29/1971,9882466027,aruleq7@marriott.com,1
945,Dona,Coldwell,1/31/1938,5279761454,dcoldwellq8@shoppro.jp,2
946,Had,Dightham,1/1/1995,9696295683,hdighthamq9@imdb.com,1
947,Joellen,Baelde,1/29/1982,3518450231,jbaeldeqa@csmonitor.com,3
948,Isa,Caplis,8/8/1965,4495194134,icaplisqb@spiegel.de,2
949,Rodolfo,Browett,1/25/1968,9094320136,rbrowettqc@ameblo.jp,1
950,Hedy,Frenzl,7/8/2000,8282110388,hfrenzlqd@weibo.com,1
951,Rorie,Fiddler,5/8/1975,1967015060,rfiddlerqe@overblog.com,3
952,Annamaria,Ducker,12/6/2008,7305454035,aduckerqf@1688.com,3
953,Winn,Mangeot,9/21/1965,6628969466,wmangeotqg@qq.com,5
954,Bartolomeo,Dunley,3/22/1938,4484253924,bdunleyqh@craigslist.org,1
955,Loralee,Truesdale,5/3/1932,4894789210,ltruesdaleqi@live.com,4
956,Oona,Reddell,10/17/1999,8557680823,oreddellqj@icio.us,5
957,Andriette,Dovington,11/6/1932,5865000914,adovingtonqk@squarespace.com,1
958,Thorvald,Justham,11/17/1943,8228390955,tjusthamql@icq.com,2
959,Judah,McTavy,8/29/1957,8893485707,jmctavyqm@about.me,1
960,Dolf,Govenlock,5/15/2006,1929335955,dgovenlockqn@linkedin.com,2
961,Josepha,Jados,6/28/1979,4072275600,jjadosqo@constantcontact.com,4
962,Emmalee,Tattersdill,9/7/1959,8191065109,etattersdillqp@pagespersoorange.fr,2
963,Rubia,Phizackarley,6/10/1938,7446451232,rphizackarleyqq@theguardian.com,5
964,Davina,Mahy,5/10/1993,9726146476,dmahyqr@ca.gov,3
965,Ianthe,Kitchen,3/12/1987,4398429406,ikitchenqs@canalblog.com,3
966,Edythe,Casper,8/12/1993,1718107871,ecasperqt@europa.eu,3
967,Serene,Bernardino,6/18/1995,6324978415,sbernardinoqu@tripadvisor.com,1
968,Filmer,Beades,1/5/1987,9993358361,fbeadesqv@blogger.com,5
969,Trenna,Oxenden,10/15/1995,6692887564,toxendenqw@a8.net,3
970,Wilfred,Macewan,4/6/1975,3162422176,wmacewanqx@pagespersoorange.fr,5
971,Collie,Linden,6/24/1966,7359714760,clindenqy@yahoo.co.jp,2
972,Brigit,Hyman,9/29/1959,5261855755,bhymanqz@pagespersoorange.fr,2
973,Ruthann,Paddle,11/28/1989,4916763381,rpaddler0@topsy.com,2
974,Terry,Sutcliffe,1/11/1998,3732266620,tsutcliffer1@blogger.com,4
975,Mallory,Binney,2/10/1945,5654621257,mbinneyr2@tmall.com,2
976,Aryn,Frugier,11/4/1974,5738871211,afrugierr3@ocn.ne.jp,2
977,Yolanda,Cordery,4/8/1933,7722048232,ycorderyr4@adobe.com,1
978,Goldarina,Looks,4/17/1986,7139851572,glooksr5@home.pl,5
979,Evie,Sharper,9/3/1973,8482383988,esharperr6@de.vu,1
980,Stevena,Spurge,1/26/1943,5232726299,sspurger7@earthlink.net,3
981,Nat,Entreis,1/28/1945,8058713723,nentreisr8@nih.gov,1
982,Maxwell,Timmis,9/29/1946,8171990530,mtimmisr9@discovery.com,5
983,Beverley,Brikner,10/26/1948,3904004106,bbriknerra@drupal.org,2
984,Pieter,Marham,5/25/2004,4427418549,pmarhamrb@youtu.be,2
985,Odell,Pittwood,11/27/1935,2386126777,opittwoodrc@chicagotribune.com,2
986,Dina,Neligan,8/13/1959,4546451774,dneliganrd@csmonitor.com,3
987,Georg,Whistance,8/17/1985,6026415960,gwhistancere@state.gov,4
988,Mildred,Gelletly,8/20/1935,9531069838,mgelletlyrf@goodreads.com,1
989,Chevy,Matveyev,11/2/1981,9989841598,cmatveyevrg@gravatar.com,3
990,Reginald,Mochar,10/2/1995,5317299134,rmocharrh@hud.gov,3
991,Joli,Bevar,6/24/1967,9394089510,jbevarri@tamu.edu,1
992,Shell,Stanbrooke,1/10/1945,1122506394,sstanbrookerj@mac.com,3
993,Hester,Danelet,10/28/1973,2913875481,hdaneletrk@issuu.com,4
994,Klaus,Bickell,12/30/1960,7596579496,kbickellrl@symantec.com,4
995,Denis,Flippini,2/5/1959,9845885242,dflippinirm@bing.com,3
996,Amargo,McFeate,5/20/1991,9381256659,amcfeatern@youtube.com,4
997,Isis,Greatbank,7/10/1945,6894997922,igreatbankro@youtube.com,4
998,Nappy,Strevens,8/19/1954,3039036783,nstrevensrp@addthis.com,4
999,Bridie,Stemp,5/13/1961,4019144077,bstemprq@psu.edu,5
1000,Alvan,Winfred,6/11/1986,8692336422,awinfredrr@bloglovin.com,1
